orderId,price,qty,side,timestamp
1,27.65,22,ASK,2023-11-29 17:01:01.855124
2,27.25,88,ASK,2023-11-29 17:01:10.855124
3,27.06,28,ASK,2023-11-29 17:01:11.855124
4,27.21,47,ASK,2023-11-29 17:01:15.855124
1,27.65,12,ASK,2023-11-29 17:01:25.855124
5,26.49,65,BID,2023-11-29 17:01:26.855124
6,27.47,10,ASK,2023-11-29 17:01:36.855124
7,26.27,49,BID,2023-11-29 17:01:42.855124
8,26.88,84,BID,2023-11-29 17:01:51.855124
9,27.36,26,ASK,2023-11-29 17:01:53.855124
10,26.38,1,BID,2023-11-29 17:02:00.855124
11,26.53,85,BID,2023-11-29 17:02:08.855124
2,27.25,28,ASK,2023-11-29 17:02:14.855124
12,26.17,49,BID,2023-11-29 17:02:19.855124
2,27.25,36,ASK,2023-11-29 17:02:23.855124
13,27.93,34,ASK,2023-11-29 17:02:33.855124
14,26.53,51,BID,2023-11-29 17:02:43.855124
15,26.48,68,BID,2023-11-29 17:02:52.855124
16,27.63,71,ASK,2023-11-29 17:02:53.855124
17,26.96,72,ASK,2023-11-29 17:02:57.855124
18,26.96,63,ASK,2023-11-29 17:02:59.855124
19,26.47,96,BID,2023-11-29 17:03:07.855124
20,27.89,24,ASK,2023-11-29 17:03:10.855124
21,26.27,63,BID,2023-11-29 17:03:13.855124
22,27.92,79,ASK,2023-11-29 17:03:14.855124
23,26.6,32,BID,2023-11-29 17:03:15.855124
24,25.97,88,BID,2023-11-29 17:03:25.855124
25,26.04,71,BID,2023-11-29 17:03:27.855124
26,26.18,76,BID,2023-11-29 17:03:34.855124
27,27.71,86,ASK,2023-11-29 17:03:40.855124
28,27.72,43,ASK,2023-11-29 17:03:50.855124
29,26.12,21,BID,2023-11-29 17:03:58.855124
30,27.66,54,ASK,2023-11-29 17:03:59.855124
31,26.9,51,BID,2023-11-29 17:04:04.855124
8,26.88,16,BID,2023-11-29 17:04:08.855124
32,26.35,33,BID,2023-11-29 17:04:09.855124
33,27.43,1,ASK,2023-11-29 17:04:15.855124
14,26.53,78,BID,2023-11-29 17:04:18.855124
34,26.88,79,BID,2023-11-29 17:04:28.855124
35,26.92,84,BID,2023-11-29 17:04:30.855124
36,26.77,48,BID,2023-11-29 17:04:32.855124
2,27.25,0,ASK,2023-11-29 17:04:37.855124
37,27.82,75,ASK,2023-11-29 17:04:43.855124
38,27.94,4,ASK,2023-11-29 17:04:46.855124
39,26.98,77,ASK,2023-11-29 17:04:47.855124
40,27.3,20,ASK,2023-11-29 17:04:53.855124
41,26.06,33,BID,2023-11-29 17:05:03.855124
31,26.9,0,BID,2023-11-29 17:05:04.855124
35,26.92,0,BID,2023-11-29 17:05:04.855124
42,27.29,93,ASK,2023-11-29 17:05:04.855124
43,26.82,56,BID,2023-11-29 17:05:13.855124
44,26.65,20,BID,2023-11-29 17:05:22.855124
45,25.94,94,BID,2023-11-29 17:05:27.855124
46,26.35,21,BID,2023-11-29 17:05:28.855124
47,27.41,85,ASK,2023-11-29 17:05:37.855124
48,26.5,20,BID,2023-11-29 17:05:41.855124
1,27.65,89,ASK,2023-11-29 17:05:44.855124
49,27.42,76,ASK,2023-11-29 17:05:45.855124
50,27.05,93,ASK,2023-11-29 17:05:46.855124
51,26.14,89,BID,2023-11-29 17:05:55.855124
52,27.7,90,ASK,2023-11-29 17:05:57.855124
53,26.39,73,BID,2023-11-29 17:06:00.855124
54,26.76,54,BID,2023-11-29 17:06:02.855124
55,26.08,9,BID,2023-11-29 17:06:06.855124
9,27.36,0,ASK,2023-11-29 17:06:13.855124
56,26.18,100,BID,2023-11-29 17:06:17.855124
57,27.8,97,ASK,2023-11-29 17:06:20.855124
58,27.37,24,ASK,2023-11-29 17:06:21.855124
53,26.39,0,BID,2023-11-29 17:06:22.855124
59,26.24,88,BID,2023-11-29 17:06:32.855124
60,27.34,29,ASK,2023-11-29 17:06:33.855124
26,26.18,9,BID,2023-11-29 17:06:42.855124
61,26.23,72,BID,2023-11-29 17:06:52.855124
62,26.38,3,BID,2023-11-29 17:06:57.855124
63,26.37,12,BID,2023-11-29 17:07:04.855124
64,27.89,99,ASK,2023-11-29 17:07:05.855124
25,26.04,82,BID,2023-11-29 17:07:15.855124
65,27.18,91,ASK,2023-11-29 17:07:23.855124
66,27.2,8,ASK,2023-11-29 17:07:29.855124
67,27.8,46,ASK,2023-11-29 17:07:35.855124
68,27.11,52,ASK,2023-11-29 17:07:45.855124
69,26.55,18,BID,2023-11-29 17:07:55.855124
8,26.88,0,BID,2023-11-29 17:08:03.855124
34,26.88,0,BID,2023-11-29 17:08:03.855124
70,26.16,54,BID,2023-11-29 17:08:03.855124
71,27.66,84,ASK,2023-11-29 17:08:08.855124
39,26.98,0,ASK,2023-11-29 17:08:09.855124
72,27.83,15,ASK,2023-11-29 17:08:13.855124
73,26.0,60,BID,2023-11-29 17:08:15.855124
74,27.3,20,ASK,2023-11-29 17:08:23.855124
75,27.29,92,ASK,2023-11-29 17:08:31.855124
76,26.04,27,BID,2023-11-29 17:08:32.855124
77,26.18,43,BID,2023-11-29 17:08:33.855124
78,26.08,56,BID,2023-11-29 17:08:39.855124
79,26.06,36,BID,2023-11-29 17:08:40.855124
80,26.45,54,BID,2023-11-29 17:08:49.855124
81,26.21,57,BID,2023-11-29 17:08:59.855124
82,27.65,27,ASK,2023-11-29 17:09:04.855124
83,25.98,100,BID,2023-11-29 17:09:09.855124
84,26.87,12,ASK,2023-11-29 17:09:14.855124
85,27.45,48,ASK,2023-11-29 17:09:24.855124
86,26.77,87,BID,2023-11-29 17:09:31.855124
87,26.0,98,BID,2023-11-29 17:09:35.855124
88,26.59,43,BID,2023-11-29 17:09:36.855124
89,27.24,36,ASK,2023-11-29 17:09:39.855124
90,27.53,26,ASK,2023-11-29 17:09:46.855124
91,27.47,26,ASK,2023-11-29 17:09:50.855124
92,26.9,54,ASK,2023-11-29 17:09:51.855124
93,26.16,50,BID,2023-11-29 17:10:01.855124
94,27.38,6,ASK,2023-11-29 17:10:07.855124
29,26.12,28,BID,2023-11-29 17:10:09.855124
95,26.28,28,BID,2023-11-29 17:10:19.855124
96,25.95,40,BID,2023-11-29 17:10:29.855124
97,27.54,87,ASK,2023-11-29 17:10:30.855124
98,26.19,26,BID,2023-11-29 17:10:36.855124
99,27.26,22,ASK,2023-11-29 17:10:38.855124
100,26.93,71,ASK,2023-11-29 17:10:39.855124
101,27.02,57,ASK,2023-11-29 17:10:48.855124
43,26.82,0,BID,2023-11-29 17:10:51.855124
98,26.19,11,BID,2023-11-29 17:10:51.855124
102,27.69,16,ASK,2023-11-29 17:11:01.855124
103,26.95,68,ASK,2023-11-29 17:11:04.855124
104,26.43,95,BID,2023-11-29 17:11:07.855124
105,27.27,32,ASK,2023-11-29 17:11:13.855124
106,26.49,82,BID,2023-11-29 17:11:23.855124
107,27.15,73,ASK,2023-11-29 17:11:31.855124
108,26.95,58,ASK,2023-11-29 17:11:35.855124
63,26.37,0,BID,2023-11-29 17:11:38.855124
109,26.94,29,ASK,2023-11-29 17:11:42.855124
110,26.0,10,BID,2023-11-29 17:11:51.855124
111,26.63,22,BID,2023-11-29 17:11:53.855124
37,27.82,55,ASK,2023-11-29 17:11:55.855124
112,27.09,34,ASK,2023-11-29 17:11:59.855124
113,27.03,7,ASK,2023-11-29 17:12:06.855124
55,26.08,0,BID,2023-11-29 17:12:14.855124
114,26.87,36,ASK,2023-11-29 17:12:22.855124
115,25.81,87,BID,2023-11-29 17:12:29.855124
116,25.96,83,BID,2023-11-29 17:12:35.855124
117,27.74,75,ASK,2023-11-29 17:12:43.855124
118,27.56,97,ASK,2023-11-29 17:12:50.855124
119,26.48,2,BID,2023-11-29 17:13:00.855124
120,26.52,83,BID,2023-11-29 17:13:03.855124
121,27.54,23,ASK,2023-11-29 17:13:11.855124
122,27.5,93,ASK,2023-11-29 17:13:21.855124
123,27.54,45,ASK,2023-11-29 17:13:24.855124
124,25.91,62,BID,2023-11-29 17:13:33.855124
125,27.07,66,ASK,2023-11-29 17:13:41.855124
126,26.01,41,BID,2023-11-29 17:13:47.855124
127,27.22,57,ASK,2023-11-29 17:13:54.855124
128,27.76,63,ASK,2023-11-29 17:14:03.855124
129,27.55,74,ASK,2023-11-29 17:14:09.855124
130,27.12,14,ASK,2023-11-29 17:14:12.855124
36,26.77,0,BID,2023-11-29 17:14:16.855124
54,26.76,0,BID,2023-11-29 17:14:16.855124
86,26.77,0,BID,2023-11-29 17:14:16.855124
18,26.96,0,ASK,2023-11-29 17:14:16.855124
131,27.69,69,ASK,2023-11-29 17:14:17.855124
132,26.01,32,BID,2023-11-29 17:14:26.855124
133,26.39,98,BID,2023-11-29 17:14:28.855124
134,26.52,11,BID,2023-11-29 17:14:34.855124
135,25.79,62,BID,2023-11-29 17:14:44.855124
136,25.92,43,BID,2023-11-29 17:14:45.855124
137,26.27,35,BID,2023-11-29 17:14:51.855124
138,26.38,48,BID,2023-11-29 17:15:01.855124
139,27.23,20,ASK,2023-11-29 17:15:03.855124
140,26.92,26,ASK,2023-11-29 17:15:09.855124
141,27.26,1,ASK,2023-11-29 17:15:18.855124
142,27.02,63,ASK,2023-11-29 17:15:19.855124
143,26.83,10,ASK,2023-11-29 17:15:20.855124
144,26.49,62,BID,2023-11-29 17:15:28.855124
145,26.19,60,BID,2023-11-29 17:15:38.855124
146,27.04,25,ASK,2023-11-29 17:15:45.855124
147,27.62,11,ASK,2023-11-29 17:15:46.855124
148,27.4,5,ASK,2023-11-29 17:15:55.855124
149,26.07,42,BID,2023-11-29 17:15:59.855124
150,27.28,78,ASK,2023-11-29 17:16:07.855124
151,26.63,6,BID,2023-11-29 17:16:08.855124
152,25.8,10,BID,2023-11-29 17:16:11.855124
153,27.54,14,ASK,2023-11-29 17:16:18.855124
122,27.5,0,ASK,2023-11-29 17:16:22.855124
154,26.89,37,ASK,2023-11-29 17:16:24.855124
155,27.07,64,ASK,2023-11-29 17:16:31.855124
156,27.65,46,ASK,2023-11-29 17:16:41.855124
157,25.87,20,BID,2023-11-29 17:16:48.855124
158,26.35,62,BID,2023-11-29 17:16:52.855124
159,26.66,96,BID,2023-11-29 17:17:02.855124
160,26.49,12,BID,2023-11-29 17:17:10.855124
161,25.84,95,BID,2023-11-29 17:17:15.855124
120,26.52,0,BID,2023-11-29 17:17:23.855124
162,25.87,14,BID,2023-11-29 17:17:31.855124
163,26.81,27,ASK,2023-11-29 17:17:33.855124
164,26.78,100,ASK,2023-11-29 17:17:38.855124
165,26.41,34,BID,2023-11-29 17:17:46.855124
166,26.33,39,BID,2023-11-29 17:17:56.855124
167,27.34,88,ASK,2023-11-29 17:18:01.855124
168,27.7,87,ASK,2023-11-29 17:18:06.855124
169,26.32,27,BID,2023-11-29 17:18:10.855124
170,25.92,24,BID,2023-11-29 17:18:17.855124
139,27.23,18,ASK,2023-11-29 17:18:23.855124
171,26.68,44,BID,2023-11-29 17:18:31.855124
172,26.95,88,ASK,2023-11-29 17:18:41.855124
173,26.69,78,BID,2023-11-29 17:18:46.855124
174,26.77,45,ASK,2023-11-29 17:18:52.855124
175,26.56,51,BID,2023-11-29 17:18:54.855124
176,27.44,44,ASK,2023-11-29 17:18:55.855124
177,27.01,25,ASK,2023-11-29 17:19:01.855124
178,26.87,49,ASK,2023-11-29 17:19:04.855124
179,27.62,61,ASK,2023-11-29 17:19:14.855124
180,26.94,97,ASK,2023-11-29 17:19:23.855124
181,27.23,46,ASK,2023-11-29 17:19:24.855124
182,26.13,98,BID,2023-11-29 17:19:32.855124
183,27.49,22,ASK,2023-11-29 17:19:37.855124
184,25.99,11,BID,2023-11-29 17:19:46.855124
185,26.96,69,ASK,2023-11-29 17:19:53.855124
186,27.71,14,ASK,2023-11-29 17:19:57.855124
187,27.31,88,ASK,2023-11-29 17:20:05.855124
188,27.24,23,ASK,2023-11-29 17:20:13.855124
189,26.17,81,BID,2023-11-29 17:20:14.855124
190,26.59,94,BID,2023-11-29 17:20:15.855124
191,26.9,38,ASK,2023-11-29 17:20:19.855124
192,27.55,65,ASK,2023-11-29 17:20:28.855124
193,26.71,20,BID,2023-11-29 17:20:30.855124
194,27.26,20,ASK,2023-11-29 17:20:38.855124
186,27.71,0,ASK,2023-11-29 17:20:44.855124
195,27.19,5,ASK,2023-11-29 17:20:48.855124
196,27.05,34,ASK,2023-11-29 17:20:52.855124
197,26.8,7,ASK,2023-11-29 17:21:00.855124
198,27.66,22,ASK,2023-11-29 17:21:02.855124
199,26.08,37,BID,2023-11-29 17:21:09.855124
1,27.65,78,ASK,2023-11-29 17:21:18.855124
200,27.6,63,ASK,2023-11-29 17:21:26.855124
201,26.83,89,ASK,2023-11-29 17:21:27.855124
202,26.07,68,BID,2023-11-29 17:21:31.855124
203,26.53,3,BID,2023-11-29 17:21:35.855124
204,26.78,81,ASK,2023-11-29 17:21:38.855124
205,26.14,10,BID,2023-11-29 17:21:45.855124
206,25.91,85,BID,2023-11-29 17:21:47.855124
207,26.57,82,BID,2023-11-29 17:21:49.855124
208,27.1,17,ASK,2023-11-29 17:21:59.855124
209,27.62,11,ASK,2023-11-29 17:22:07.855124
210,27.54,8,ASK,2023-11-29 17:22:17.855124
211,27.53,34,ASK,2023-11-29 17:22:23.855124
212,27.1,48,ASK,2023-11-29 17:22:29.855124
213,27.72,98,ASK,2023-11-29 17:22:30.855124
204,26.78,43,ASK,2023-11-29 17:22:38.855124
164,26.78,0,ASK,2023-11-29 17:22:41.855124
174,26.77,0,ASK,2023-11-29 17:22:41.855124
204,26.78,0,ASK,2023-11-29 17:22:41.855124
214,26.11,68,BID,2023-11-29 17:22:41.855124
215,26.04,74,BID,2023-11-29 17:22:42.855124
216,27.77,40,ASK,2023-11-29 17:22:50.855124
217,26.49,87,BID,2023-11-29 17:22:58.855124
218,27.69,77,ASK,2023-11-29 17:23:03.855124
219,26.69,11,BID,2023-11-29 17:23:07.855124
220,25.97,52,BID,2023-11-29 17:23:12.855124
221,27.48,13,ASK,2023-11-29 17:23:17.855124
222,26.29,82,BID,2023-11-29 17:23:22.855124
223,27.11,25,ASK,2023-11-29 17:23:26.855124
224,26.74,76,BID,2023-11-29 17:23:33.855124
225,26.89,56,ASK,2023-11-29 17:23:35.855124
226,26.7,33,BID,2023-11-29 17:23:41.855124
227,27.75,56,ASK,2023-11-29 17:23:47.855124
228,26.06,9,BID,2023-11-29 17:23:53.855124
229,25.9,96,BID,2023-11-29 17:24:03.855124
230,27.26,77,ASK,2023-11-29 17:24:07.855124
231,27.34,68,ASK,2023-11-29 17:24:15.855124
145,26.19,0,BID,2023-11-29 17:24:18.855124
232,25.87,58,BID,2023-11-29 17:24:22.855124
233,26.49,3,BID,2023-11-29 17:24:29.855124
234,27.18,77,ASK,2023-11-29 17:24:31.855124
140,26.92,0,ASK,2023-11-29 17:24:39.855124
235,27.25,4,ASK,2023-11-29 17:24:48.855124
66,27.2,0,ASK,2023-11-29 17:24:50.855124
236,27.67,76,ASK,2023-11-29 17:25:00.855124
237,27.27,89,ASK,2023-11-29 17:25:01.855124
238,26.83,65,ASK,2023-11-29 17:25:09.855124
239,27.23,28,ASK,2023-11-29 17:25:19.855124
240,26.49,51,BID,2023-11-29 17:25:23.855124
241,26.96,61,ASK,2023-11-29 17:25:27.855124
242,27.2,48,ASK,2023-11-29 17:25:30.855124
243,26.0,3,BID,2023-11-29 17:25:38.855124
244,27.78,49,ASK,2023-11-29 17:25:43.855124
245,27.27,67,ASK,2023-11-29 17:25:47.855124
246,27.67,26,ASK,2023-11-29 17:25:52.855124
247,27.58,97,ASK,2023-11-29 17:25:55.855124
14,26.53,0,BID,2023-11-29 17:26:00.855124
248,27.41,51,ASK,2023-11-29 17:26:04.855124
249,26.17,70,BID,2023-11-29 17:26:06.855124
224,26.74,0,BID,2023-11-29 17:26:08.855124
250,26.95,74,ASK,2023-11-29 17:26:08.855124
251,27.61,50,ASK,2023-11-29 17:26:09.855124
252,26.92,3,ASK,2023-11-29 17:26:10.855124
253,26.48,100,BID,2023-11-29 17:26:14.855124
254,27.34,98,ASK,2023-11-29 17:26:22.855124
255,27.72,31,ASK,2023-11-29 17:26:31.855124
256,25.87,87,BID,2023-11-29 17:26:40.855124
97,27.54,0,ASK,2023-11-29 17:26:42.855124
257,26.13,25,BID,2023-11-29 17:26:43.855124
258,26.5,53,BID,2023-11-29 17:26:50.855124
259,26.44,82,BID,2023-11-29 17:26:57.855124
260,26.06,14,BID,2023-11-29 17:27:00.855124
261,26.08,78,BID,2023-11-29 17:27:06.855124
262,26.59,90,BID,2023-11-29 17:27:15.855124
263,27.26,94,ASK,2023-11-29 17:27:21.855124
264,26.34,55,BID,2023-11-29 17:27:24.855124
265,27.71,9,ASK,2023-11-29 17:27:34.855124
266,27.14,92,ASK,2023-11-29 17:27:43.855124
267,26.3,16,BID,2023-11-29 17:27:44.855124
268,26.98,39,ASK,2023-11-29 17:27:54.855124
242,27.2,0,ASK,2023-11-29 17:28:01.855124
269,25.99,98,BID,2023-11-29 17:28:08.855124
270,25.76,44,BID,2023-11-29 17:28:09.855124
271,27.69,85,ASK,2023-11-29 17:28:13.855124
272,27.09,29,ASK,2023-11-29 17:28:18.855124
273,27.37,20,ASK,2023-11-29 17:28:20.855124
274,27.27,48,ASK,2023-11-29 17:28:26.855124
275,26.02,91,BID,2023-11-29 17:28:35.855124
276,26.25,91,BID,2023-11-29 17:28:44.855124
277,27.54,34,ASK,2023-11-29 17:28:52.855124
278,26.17,11,BID,2023-11-29 17:28:53.855124
279,26.05,62,BID,2023-11-29 17:28:55.855124
280,26.59,20,BID,2023-11-29 17:28:56.855124
281,26.15,47,BID,2023-11-29 17:29:00.855124
282,26.6,42,BID,2023-11-29 17:29:03.855124
283,26.53,72,BID,2023-11-29 17:29:12.855124
284,26.74,79,ASK,2023-11-29 17:29:13.855124
285,26.35,29,BID,2023-11-29 17:29:21.855124
286,25.84,81,BID,2023-11-29 17:29:24.855124
287,27.57,85,ASK,2023-11-29 17:29:33.855124
288,27.36,18,ASK,2023-11-29 17:29:35.855124
289,26.31,41,BID,2023-11-29 17:29:45.855124
290,26.13,69,BID,2023-11-29 17:29:55.855124
291,27.66,27,ASK,2023-11-29 17:30:04.855124
292,27.69,26,ASK,2023-11-29 17:30:06.855124
293,27.02,34,ASK,2023-11-29 17:30:07.855124
193,26.71,0,BID,2023-11-29 17:30:15.855124
226,26.7,0,BID,2023-11-29 17:30:15.855124
294,27.41,93,ASK,2023-11-29 17:30:15.855124
295,25.97,54,BID,2023-11-29 17:30:20.855124
119,26.48,0,BID,2023-11-29 17:30:29.855124
296,26.72,23,ASK,2023-11-29 17:30:34.855124
297,25.99,16,BID,2023-11-29 17:30:40.855124
298,26.69,47,BID,2023-11-29 17:30:43.855124
299,26.49,30,BID,2023-11-29 17:30:48.855124
300,26.19,76,BID,2023-11-29 17:30:50.855124
301,26.97,65,ASK,2023-11-29 17:30:54.855124
302,25.83,58,BID,2023-11-29 17:30:58.855124
303,26.09,23,BID,2023-11-29 17:31:06.855124
233,26.49,0,BID,2023-11-29 17:31:13.855124
304,25.82,51,BID,2023-11-29 17:31:21.855124
305,25.73,35,BID,2023-11-29 17:31:31.855124
306,26.89,89,ASK,2023-11-29 17:31:34.855124
307,27.44,86,ASK,2023-11-29 17:31:38.855124
308,27.57,64,ASK,2023-11-29 17:31:43.855124
309,26.73,10,ASK,2023-11-29 17:31:49.855124
310,27.31,82,ASK,2023-11-29 17:31:54.855124
311,27.34,80,ASK,2023-11-29 17:31:57.855124
312,26.68,9,BID,2023-11-29 17:32:04.855124
173,26.69,0,BID,2023-11-29 17:32:06.855124
219,26.69,0,BID,2023-11-29 17:32:06.855124
298,26.69,0,BID,2023-11-29 17:32:06.855124
313,26.48,90,BID,2023-11-29 17:32:06.855124
139,27.23,31,ASK,2023-11-29 17:32:15.855124
314,26.56,12,BID,2023-11-29 17:32:23.855124
315,27.39,26,ASK,2023-11-29 17:32:25.855124
316,26.95,89,ASK,2023-11-29 17:32:30.855124
317,26.42,9,BID,2023-11-29 17:32:34.855124
318,27.52,4,ASK,2023-11-29 17:32:43.855124
319,26.53,22,BID,2023-11-29 17:32:45.855124
320,27.11,68,ASK,2023-11-29 17:32:48.855124
321,26.01,89,BID,2023-11-29 17:32:55.855124
322,25.93,22,BID,2023-11-29 17:33:00.855124
323,26.81,2,ASK,2023-11-29 17:33:01.855124
324,27.54,49,ASK,2023-11-29 17:33:05.855124
325,27.33,9,ASK,2023-11-29 17:33:12.855124
326,26.82,32,ASK,2023-11-29 17:33:22.855124
327,27.09,66,ASK,2023-11-29 17:33:31.855124
62,26.38,0,BID,2023-11-29 17:33:36.855124
328,26.78,97,ASK,2023-11-29 17:33:44.855124
329,25.69,40,BID,2023-11-29 17:33:51.855124
330,26.92,8,ASK,2023-11-29 17:33:53.855124
171,26.68,0,BID,2023-11-29 17:34:00.855124
312,26.68,0,BID,2023-11-29 17:34:00.855124
176,27.44,0,ASK,2023-11-29 17:34:00.855124
331,26.15,18,BID,2023-11-29 17:34:07.855124
332,27.21,7,ASK,2023-11-29 17:34:11.855124
333,27.63,22,ASK,2023-11-29 17:34:19.855124
334,27.16,30,ASK,2023-11-29 17:34:22.855124
335,26.79,69,ASK,2023-11-29 17:34:28.855124
336,27.04,57,ASK,2023-11-29 17:34:30.855124
337,25.73,98,BID,2023-11-29 17:34:39.855124
338,26.72,34,ASK,2023-11-29 17:34:44.855124
339,25.69,100,BID,2023-11-29 17:34:48.855124
340,25.73,24,BID,2023-11-29 17:34:55.855124
341,25.96,51,BID,2023-11-29 17:35:05.855124
342,26.54,46,BID,2023-11-29 17:35:06.855124
343,25.94,78,BID,2023-11-29 17:35:08.855124
344,26.59,2,BID,2023-11-29 17:35:18.855124
345,27.26,62,ASK,2023-11-29 17:35:19.855124
346,26.46,16,BID,2023-11-29 17:35:25.855124
347,26.22,99,BID,2023-11-29 17:35:26.855124
348,26.89,4,ASK,2023-11-29 17:35:33.855124
349,27.41,69,ASK,2023-11-29 17:35:39.855124
266,27.14,0,ASK,2023-11-29 17:35:42.855124
350,26.09,11,BID,2023-11-29 17:35:51.855124
351,25.85,11,BID,2023-11-29 17:35:59.855124
44,26.65,0,BID,2023-11-29 17:36:05.855124
159,26.66,0,BID,2023-11-29 17:36:05.855124
352,26.99,59,ASK,2023-11-29 17:36:05.855124
353,26.36,73,BID,2023-11-29 17:36:15.855124
231,27.34,12,ASK,2023-11-29 17:36:24.855124
111,26.63,0,BID,2023-11-29 17:36:27.855124
151,26.63,0,BID,2023-11-29 17:36:27.855124
354,26.89,89,ASK,2023-11-29 17:36:27.855124
355,25.72,47,BID,2023-11-29 17:36:34.855124
356,25.98,99,BID,2023-11-29 17:36:43.855124
357,25.7,52,BID,2023-11-29 17:36:53.855124
358,26.66,44,ASK,2023-11-29 17:37:01.855124
359,26.21,14,BID,2023-11-29 17:37:03.855124
360,27.29,29,ASK,2023-11-29 17:37:08.855124
361,26.56,93,BID,2023-11-29 17:37:15.855124
362,26.26,81,BID,2023-11-29 17:37:20.855124
363,26.57,100,BID,2023-11-29 17:37:27.855124
364,26.81,27,ASK,2023-11-29 17:37:31.855124
365,25.98,66,BID,2023-11-29 17:37:35.855124
366,25.8,31,BID,2023-11-29 17:37:44.855124
367,26.82,17,ASK,2023-11-29 17:37:54.855124
358,26.66,0,ASK,2023-11-29 17:38:01.855124
368,26.07,93,BID,2023-11-29 17:38:01.855124
369,26.56,89,BID,2023-11-29 17:38:07.855124
370,26.33,88,BID,2023-11-29 17:38:08.855124
371,26.43,17,BID,2023-11-29 17:38:17.855124
372,27.6,90,ASK,2023-11-29 17:38:22.855124
373,26.5,20,BID,2023-11-29 17:38:27.855124
374,26.66,30,BID,2023-11-29 17:38:29.855124
375,27.24,59,ASK,2023-11-29 17:38:32.855124
376,27.42,26,ASK,2023-11-29 17:38:38.855124
108,26.95,0,ASK,2023-11-29 17:38:39.855124
377,27.08,73,ASK,2023-11-29 17:38:47.855124
378,25.75,13,BID,2023-11-29 17:38:51.855124
379,27.54,84,ASK,2023-11-29 17:38:56.855124
380,27.4,18,ASK,2023-11-29 17:39:06.855124
381,26.15,18,BID,2023-11-29 17:39:09.855124
382,26.84,32,ASK,2023-11-29 17:39:10.855124
383,25.69,94,BID,2023-11-29 17:39:19.855124
94,27.38,13,ASK,2023-11-29 17:39:26.855124
384,27.08,1,ASK,2023-11-29 17:39:36.855124
385,25.81,56,BID,2023-11-29 17:39:46.855124
386,26.45,22,BID,2023-11-29 17:39:47.855124
387,27.4,40,ASK,2023-11-29 17:39:51.855124
33,27.43,47,ASK,2023-11-29 17:39:58.855124
388,26.34,10,BID,2023-11-29 17:40:02.855124
389,27.0,19,ASK,2023-11-29 17:40:04.855124
390,26.58,78,BID,2023-11-29 17:40:08.855124
391,26.07,56,BID,2023-11-29 17:40:15.855124
392,26.59,11,BID,2023-11-29 17:40:25.855124
238,26.83,42,ASK,2023-11-29 17:40:27.855124
393,27.04,64,ASK,2023-11-29 17:40:29.855124
394,27.29,35,ASK,2023-11-29 17:40:35.855124
395,26.28,26,BID,2023-11-29 17:40:42.855124
396,27.15,87,ASK,2023-11-29 17:40:47.855124
397,25.94,33,BID,2023-11-29 17:40:51.855124
398,27.41,80,ASK,2023-11-29 17:40:56.855124
399,26.8,87,ASK,2023-11-29 17:40:59.855124
400,27.32,12,ASK,2023-11-29 17:41:02.855124
401,27.1,23,ASK,2023-11-29 17:41:03.855124
402,26.91,42,ASK,2023-11-29 17:41:08.855124
403,25.78,88,BID,2023-11-29 17:41:13.855124
404,27.16,52,ASK,2023-11-29 17:41:21.855124
374,26.66,0,BID,2023-11-29 17:41:31.855124
405,27.37,100,ASK,2023-11-29 17:41:31.855124
406,26.29,62,BID,2023-11-29 17:41:32.855124
407,26.48,23,BID,2023-11-29 17:41:39.855124
408,25.77,86,BID,2023-11-29 17:41:44.855124
409,27.65,38,ASK,2023-11-29 17:41:49.855124
410,26.98,57,ASK,2023-11-29 17:41:58.855124
411,26.11,14,BID,2023-11-29 17:42:07.855124
412,25.71,51,BID,2023-11-29 17:42:13.855124
413,27.63,62,ASK,2023-11-29 17:42:18.855124
414,26.68,79,ASK,2023-11-29 17:42:22.855124
415,26.24,50,BID,2023-11-29 17:42:24.855124
416,26.54,56,BID,2023-11-29 17:42:28.855124
417,26.87,72,ASK,2023-11-29 17:42:30.855124
418,27.23,94,ASK,2023-11-29 17:42:34.855124
419,26.71,21,ASK,2023-11-29 17:42:42.855124
420,27.64,57,ASK,2023-11-29 17:42:52.855124
421,26.07,43,BID,2023-11-29 17:42:58.855124
422,26.69,42,ASK,2023-11-29 17:43:04.855124
423,26.4,80,BID,2023-11-29 17:43:14.855124
424,25.93,17,BID,2023-11-29 17:43:24.855124
425,26.6,58,BID,2023-11-29 17:43:34.855124
426,27.4,67,ASK,2023-11-29 17:43:44.855124
427,27.53,50,ASK,2023-11-29 17:43:52.855124
428,27.27,75,ASK,2023-11-29 17:43:55.855124
429,26.36,40,BID,2023-11-29 17:43:59.855124
430,25.86,67,BID,2023-11-29 17:44:02.855124
431,25.68,73,BID,2023-11-29 17:44:09.855124
432,26.67,69,ASK,2023-11-29 17:44:18.855124
433,27.07,12,ASK,2023-11-29 17:44:26.855124
434,26.02,33,BID,2023-11-29 17:44:34.855124
435,26.63,4,BID,2023-11-29 17:44:41.855124
436,26.11,47,BID,2023-11-29 17:44:50.855124
437,26.36,93,BID,2023-11-29 17:45:00.855124
384,27.08,60,ASK,2023-11-29 17:45:03.855124
438,26.13,90,BID,2023-11-29 17:45:07.855124
183,27.49,0,ASK,2023-11-29 17:45:17.855124
439,26.72,68,ASK,2023-11-29 17:45:23.855124
440,27.37,80,ASK,2023-11-29 17:45:30.855124
441,27.31,17,ASK,2023-11-29 17:45:34.855124
442,26.92,33,ASK,2023-11-29 17:45:35.855124
443,25.82,79,BID,2023-11-29 17:45:39.855124
444,25.78,43,BID,2023-11-29 17:45:46.855124
435,26.63,0,BID,2023-11-29 17:45:53.855124
445,26.6,34,BID,2023-11-29 17:45:53.855124
446,27.17,6,ASK,2023-11-29 17:45:56.855124
447,25.79,51,BID,2023-11-29 17:46:02.855124
448,26.86,82,ASK,2023-11-29 17:46:06.855124
449,26.37,31,BID,2023-11-29 17:46:09.855124
450,26.08,48,BID,2023-11-29 17:46:14.855124
451,26.12,16,BID,2023-11-29 17:46:17.855124
452,27.55,75,ASK,2023-11-29 17:46:20.855124
453,26.96,90,ASK,2023-11-29 17:46:22.855124
454,26.43,39,BID,2023-11-29 17:46:31.855124
